<?xml version="1.0" encoding="UTF-8">

<menu>
    <item category="entradas">
        <name>Ensalada con Pollo</name>
        <description>Una ensalada con pollo.</description>
        <price>$10.99</price>
    </item>
    <item category="entradas">
        <name>Sánduche de Pollo</name>
        <description>Un sánduche de pollo. </description>
        <price>$12.99</price>
    </item>
    <item category="entradas">
        <name>Sánduche de Pastrami</name>
        <description>Un sánduche hecho con pastrami.</description>
        <price>$13.99</price>
    </item>
    <item category="bebidas">
        <name>Coca-Cola</name>
        <description>Una gaseosa.</description>
        <price>$0.99</price>
    </item>
    <item category="bebidas">
        <name>Jugo de Naranja</name>
        <description>Un jugo hecho con naranjas.</description>
        <price>$0.99</price>
    </item>    

    <item category="desayuno">
        <name>Café con leche</name>
        <description>Un cafe cortado con leche.</description>
        <price>$1.00</price>
    </item>

    <item category="cena">
        <name>Milanesa con pure</name>
        <description>Una milanesa de carne acompañado con puré de papas.</description>
        <price>$13.00</price>
    </item>
</menu>

<!--- display-name puede ser el nombre de la aplicación web que va a mostrar---->
<!--- servlet: puede ser que represente una clase ---->
<!--- servlet-name: puede ser que especifique el nombre del servlet ---->
<!--- servlet.class: puede ser que represente la clase que implementa ese servlet ---->
<!--- servlet-mapping: puede ser que ayude a mappear los servlets  ---->
<!--- url-pattern: puede ser que especifique como tiene que ser la url de ese servlet ---->

